English short name,French short name,Alpha-2 code,Alpha-3 code,Numeric
Aruba,Aruba,AW,ABW,533
Afghanistan,Afghanistan (l'),AF,AFG,4
Angola,Angola (l'),AO,AGO,24
Anguilla,Anguilla,AI,AIA,660
Åland Islands,Åland(les Îles),AX,ALA,248
Albania,Albanie (l'),AL,ALB,8
Andorra,Andorre (l'),AD,AND,20
United Arab Emirates (the),Émirats arabes unis (les),AE,ARE,784
Argentina,Argentine (l'),AR,ARG,32
Armenia,Arménie (l'),AM,ARM,51
American Samoa,Samoa américaines (les),AS,ASM,16
Antarctica,Antarctique (l'),AQ,ATA,10
French Southern Territories (the),Terres australes françaises (les),TF,ATF,260
Antigua and Barbuda,Antigua-et-Barbuda,AG,ATG,28
Australia,Australie (l'),AU,AUS,36
Austria,Autriche (l'),AT,AUT,40
Azerbaijan,Azerbaïdjan (l'),AZ,AZE,31
Burundi,Burundi (le),BI,BDI,108
Belgium,Belgique (la),BE,BEL,56
Benin,Bénin (le),BJ,BEN,204
"Bonaire, Sint Eustatius and Saba","Bonaire, Saint-Eustache et Saba",BQ,BES,535
Burkina Faso,Burkina Faso (le),BF,BFA,854
Bangladesh,Bangladesh (le),BD,BGD,50
Bulgaria,Bulgarie (la),BG,BGR,100
Bahrain,Bahreïn,BH,BHR,48
Bahamas (the),Bahamas (les),BS,BHS,44
Bosnia and Herzegovina,Bosnie-Herzégovine (la),BA,BIH,70
Saint Barthélemy,Saint-Barthélemy,BL,BLM,652
Belarus,Bélarus (le),BY,BLR,112
Belize,Belize (le),BZ,BLZ,84
Bermuda,Bermudes (les),BM,BMU,60
Bolivia (Plurinational State of),Bolivie (État plurinational de),BO,BOL,68
Brazil,Brésil (le),BR,BRA,76
Barbados,Barbade (la),BB,BRB,52
Brunei Darussalam,Brunéi Darussalam (le),BN,BRN,96
Bhutan,Bhoutan (le),BT,BTN,64
Bouvet Island,Bouvet (l'Île),BV,BVT,74
Botswana,Botswana (le),BW,BWA,72
Central African Republic (the),République centrafricaine (la),CF,CAF,140
Canada,Canada (le),CA,CAN,124
Cocos (Keeling) Islands (the),Cocos (les Îles)/ Keeling (les Îles),CC,CCK,166
Switzerland,Suisse (la),CH,CHE,756
Chile,Chili (le),CL,CHL,152
China,Chine (la),CN,CHN,156
Côte d'Ivoire,Côte d'Ivoire (la),CI,CIV,384
Cameroon,Cameroun (le),CM,CMR,120
Congo (the Democratic Republic of the),Congo (la République démocratique du),CD,COD,180
Congo (the),Congo (le),CG,COG,178
Cook Islands (the),Cook (les Îles),CK,COK,184
Colombia,Colombie (la),CO,COL,170
Comoros (the),Comores (les),KM,COM,174
Cabo Verde,Cabo Verde,CV,CPV,132
Costa Rica,Costa Rica (le),CR,CRI,188
Cuba,Cuba,CU,CUB,192
Curaçao,Curaçao,CW,CUW,531
Christmas Island,Christmas (l'Île),CX,CXR,162
Cayman Islands (the),Caïmans (les Îles),KY,CYM,136
Cyprus,Chypre,CY,CYP,196
Czechia,Tchéquie (la),CZ,CZE,203
Germany,Allemagne (l'),DE,DEU,276
Djibouti,Djibouti,DJ,DJI,262
Dominica,Dominique (la),DM,DMA,212
Denmark,Danemark (le),DK,DNK,208
Dominican Republic (the),dominicaine (la République),DO,DOM,214
Algeria,Algérie (l'),DZ,DZA,12
Ecuador,Équateur (l'),EC,ECU,218
Egypt,Égypte (l'),EG,EGY,818
Eritrea,Érythrée (l'),ER,ERI,232
Western Sahara*,Sahara occidental (le)*,EH,ESH,732
Spain,Espagne (l'),ES,ESP,724
Estonia,Estonie (l'),EE,EST,233
Ethiopia,Éthiopie (l'),ET,ETH,231
Finland,Finlande (la),FI,FIN,246
Fiji,Fidji (les),FJ,FJI,242
Falkland Islands (the) [Malvinas],Falkland (les Îles)/Malouines (les Îles),FK,FLK,238
France,France (la),FR,FRA,250
Faroe Islands (the),Féroé (les Îles),FO,FRO,234
Micronesia (Federated States of),Micronésie (États fédérés de),FM,FSM,583
Gabon,Gabon (le),GA,GAB,266
United Kingdom of Great Britain and Northern Ireland (the),Royaume-Uni de Grande-Bretagne et d'Irlande du Nord (le),GB,GBR,826
Georgia,Géorgie (la),GE,GEO,268
Guernsey,Guernesey,GG,GGY,831
Ghana,Ghana (le),GH,GHA,288
Gibraltar,Gibraltar,GI,GIB,292
Guinea,Guinée (la),GN,GIN,324
Guadeloupe,Guadeloupe (la),GP,GLP,312
Gambia (the),Gambie (la),GM,GMB,270
Guinea-Bissau,Guinée-Bissau (la),GW,GNB,624
Equatorial Guinea,Guinée équatoriale (la),GQ,GNQ,226
Greece,Grèce (la),GR,GRC,300
Grenada,Grenade (la),GD,GRD,308
Greenland,Groenland (le),GL,GRL,304
Guatemala,Guatemala (le),GT,GTM,320
French Guiana,Guyane française (la ),GF,GUF,254
Guam,Guam,GU,GUM,316
Guyana,Guyana (le),GY,GUY,328
Hong Kong,Hong Kong,HK,HKG,344
Heard Island and McDonald Islands,Heard-et-Îles MacDonald (l'Île),HM,HMD,334
Honduras,Honduras (le),HN,HND,340
Croatia,Croatie (la),HR,HRV,191
Haiti,Haïti,HT,HTI,332
Hungary,Hongrie (la),HU,HUN,348
Indonesia,Indonésie (l'),ID,IDN,360
Isle of Man,Île de Man,IM,IMN,833
India,Inde (l'),IN,IND,356
British Indian Ocean Territory (the),Indien (le Territoire britannique de l'océan),IO,IOT,86
Ireland,Irlande (l'),IE,IRL,372
Iran (Islamic Republic of),Iran (République Islamique d'),IR,IRN,364
Iraq,Iraq (l'),IQ,IRQ,368
Iceland,Islande (l'),IS,ISL,352
Israel,Israël,IL,ISR,376
Italy,Italie (l'),IT,ITA,380
Jamaica,Jamaïque (la),JM,JAM,388
Jersey,Jersey,JE,JEY,832
Jordan,Jordanie (la),JO,JOR,400
Japan,Japon (le),JP,JPN,392
Kazakhstan,Kazakhstan (le),KZ,KAZ,398
Kenya,Kenya (le),KE,KEN,404
Kyrgyzstan,Kirghizistan (le),KG,KGZ,417
Cambodia,Cambodge (le),KH,KHM,116
Kiribati,Kiribati,KI,KIR,296
Saint Kitts and Nevis,Saint-Kitts-et-Nevis,KN,KNA,659
Korea (the Republic of),Corée (la République de),KR,KOR,410
Kuwait,Koweït (le),KW,KWT,414
Lao People's Democratic Republic (the),Lao (la République démocratique populaire),LA,LAO,418
Lebanon,Liban (le),LB,LBN,422
Liberia,Libéria (le),LR,LBR,430
Libya,Libye (la),LY,LBY,434
Saint Lucia,Sainte-Lucie,LC,LCA,662
Liechtenstein,Liechtenstein (le),LI,LIE,438
Sri Lanka,Sri Lanka,LK,LKA,144
Lesotho,Lesotho (le),LS,LSO,426
Lithuania,Lituanie (la),LT,LTU,440
Luxembourg,Luxembourg (le),LU,LUX,442
Latvia,Lettonie (la),LV,LVA,428
Macao,Macao,MO,MAC,446
Saint Martin (French part),Saint-Martin (partie française),MF,MAF,663
Morocco,Maroc (le),MA,MAR,504
Monaco,Monaco,MC,MCO,492
Moldova (the Republic of),Moldova (la République de),MD,MDA,498
Madagascar,Madagascar,MG,MDG,450
Maldives,Maldives (les),MV,MDV,462
Mexico,Mexique (le),MX,MEX,484
Marshall Islands (the),Marshall (les Îles),MH,MHL,584
North Macedonia,Macédoine du Nord (la),MK,MKD,807
Mali,Mali (le),ML,MLI,466
Malta,Malte,MT,MLT,470
Myanmar,Myanmar (le),MM,MMR,104
Montenegro,Monténégro (le),ME,MNE,499
Mongolia,Mongolie (la),MN,MNG,496
Northern Mariana Islands (the),Mariannes du Nord (les Îles),MP,MNP,580
Mozambique,Mozambique (le),MZ,MOZ,508
Mauritania,Mauritanie (la),MR,MRT,478
Montserrat,Montserrat,MS,MSR,500
Martinique,Martinique (la),MQ,MTQ,474
Mauritius,Maurice,MU,MUS,480
Malawi,Malawi (le),MW,MWI,454
Malaysia,Malaisie (la),MY,MYS,458
Mayotte,Mayotte,YT,MYT,175
Namibia,Namibie (la),NA,NAM,516
New Caledonia,Nouvelle-Calédonie (la),NC,NCL,540
Niger (the),Niger (le),NE,NER,562
Norfolk Island,Norfolk (l'Île),NF,NFK,574
Nigeria,Nigéria (le),NG,NGA,566
Nicaragua,Nicaragua (le),NI,NIC,558
Niue,Niue,NU,NIU,570
Netherlands (the),Pays-Bas (les),NL,NLD,528
Norway,Norvège (la),NO,NOR,578
Nepal,Népal (le),NP,NPL,524
Nauru,Nauru,NR,NRU,520
New Zealand,Nouvelle-Zélande (la),NZ,NZL,554
Oman,Oman,OM,OMN,512
Pakistan,Pakistan (le),PK,PAK,586
Panama,Panama (le),PA,PAN,591
Pitcairn,Pitcairn,PN,PCN,612
Peru,Pérou (le),PE,PER,604
Philippines (the),Philippines (les),PH,PHL,608
Palau,Palaos (les),PW,PLW,585
Papua New Guinea,Papouasie-Nouvelle-Guinée (la),PG,PNG,598
Poland,Pologne (la),PL,POL,616
Puerto Rico,Porto Rico,PR,PRI,630
Korea (the Democratic People's Republic of),Corée (la République populaire démocratique de),KP,PRK,408
Portugal,Portugal (le),PT,PRT,620
Paraguay,Paraguay (le),PY,PRY,600
"Palestine, State of","Palestine, État de",PS,PSE,275
French Polynesia,Polynésie française (la),PF,PYF,258
Qatar,Qatar (le),QA,QAT,634
Réunion,Réunion (La),RE,REU,638
Romania,Roumanie (la),RO,ROU,642
Russian Federation (the),Russie (la Fédération de),RU,RUS,643
Rwanda,Rwanda (le),RW,RWA,646
Saudi Arabia,Arabie saoudite (l'),SA,SAU,682
Sudan (the),Soudan (le),SD,SDN,729
Senegal,Sénégal (le),SN,SEN,686
Singapore,Singapour,SG,SGP,702
South Georgia and the South Sandwich Islands,Géorgie du Sud-et-les Îles Sandwich du Sud (la),GS,SGS,239
"Saint Helena, Ascension and Tristan da Cunha","Sainte-Hélène, Ascension et Tristan da Cunha",SH,SHN,654
Svalbard and Jan Mayen,Svalbard et l'Île Jan Mayen (le),SJ,SJM,744
Solomon Islands,Salomon (les Îles),SB,SLB,90
Sierra Leone,Sierra Leone (la),SL,SLE,694
El Salvador,El Salvador,SV,SLV,222
San Marino,Saint-Marin,SM,SMR,674
Somalia,Somalie (la),SO,SOM,706
Saint Pierre and Miquelon,Saint-Pierre-et-Miquelon,PM,SPM,666
Serbia,Serbie (la),RS,SRB,688
South Sudan,Soudan du Sud (le),SS,SSD,728
Sao Tome and Principe,Sao Tomé-et-Principe,ST,STP,678
Suriname,Suriname (le),SR,SUR,740
Slovakia,Slovaquie (la),SK,SVK,703
Slovenia,Slovénie (la),SI,SVN,705
Sweden,Suède (la),SE,SWE,752
Eswatini,Eswatini (l'),SZ,SWZ,748
Sint Maarten (Dutch part),Saint-Martin (partie néerlandaise),SX,SXM,534
Seychelles,Seychelles (les),SC,SYC,690
Syrian Arab Republic (the),République arabe syrienne (la),SY,SYR,760
Turks and Caicos Islands (the),Turks-et-Caïcos (les Îles),TC,TCA,796
Chad,Tchad (le),TD,TCD,148
Togo,Togo (le),TG,TGO,768
Thailand,Thaïlande (la),TH,THA,764
Tajikistan,Tadjikistan (le),TJ,TJK,762
Tokelau,Tokelau (les),TK,TKL,772
Turkmenistan,Turkménistan (le),TM,TKM,795
Timor-Leste,Timor-Leste (le),TL,TLS,626
Tonga,Tonga (les),TO,TON,776
Trinidad and Tobago,Trinité-et-Tobago (la),TT,TTO,780
Tunisia,Tunisie (la),TN,TUN,788
Turkey,Turquie (la),TR,TUR,792
Tuvalu,Tuvalu (les),TV,TUV,798
Taiwan (Province of China),Taïwan (Province de Chine),TW,TWN,158
"Tanzania, the United Republic of",Tanzanie (la République-Unie de),TZ,TZA,834
Uganda,Ouganda (l'),UG,UGA,800
Ukraine,Ukraine (l'),UA,UKR,804
United States Minor Outlying Islands (the),Îles mineures éloignées des États-Unis (les),UM,UMI,581
Uruguay,Uruguay (l'),UY,URY,858
United States of America (the),États-Unis d'Amérique (les),US,USA,840
Uzbekistan,Ouzbékistan (l'),UZ,UZB,860
Holy See (the),Saint-Siège (le),VA,VAT,336
Saint Vincent and the Grenadines,Saint-Vincent-et-les Grenadines,VC,VCT,670
Venezuela (Bolivarian Republic of),Venezuela (République bolivarienne du),VE,VEN,862
Virgin Islands (British),Vierges britanniques (les Îles),VG,VGB,92
Virgin Islands (U.S.),Vierges des États-Unis (les Îles),VI,VIR,850
Viet Nam,Viet Nam (le),VN,VNM,704
Vanuatu,Vanuatu (le),VU,VUT,548
Wallis and Futuna,Wallis-et-Futuna,WF,WLF,876
Samoa,Samoa (le),WS,WSM,882
Yemen,Yémen (le),YE,YEM,887
South Africa,Afrique du Sud (l'),ZA,ZAF,710
Zambia,Zambie (la),ZM,ZMB,894
Zimbabwe,Zimbabwe (le),ZW,ZWE,716
